,address_lon,listing_data_building_area_sq_ft,features_flooring,address_unit,listing_data_num_bedrooms,features_floors,features_year_built,address_state,address_address_line1,listing_data_num_bathrooms,features_listing_status,features_interior_features,listing_data_list_price,features_is_foreclosure,features_crime_index_all,features_school_score,images_img_urls,address_lat,features_num_half_bath,features_has_septic,features_has_pool,features_days_on_site,address_slug,features_start_date_on_site,features_subdivision,features_crime_index_violent,features_has_established_subdivision,features_has_well,features_has_garage,features_no_pool_well_septic,address_city,features_garage_detail,features_num_full_bath,features_MLS,address_zipcode,features_desc
10401-Balch-Manor-Ct-Charlotte-NC-28277,-80.8346801,3412,"Tile,  Wood,  Carpet",None,4,2,1997,NC,10401 Balch Manor Ct,4,Active,"Whirlpool,  Attic Stairs Pulldown,  Wet Bar,  Open Floorplan,  Tray Ceiling,  Walk-In Closet(s),  Kitchen Island,  Vaulted Ceiling,  Built-Ins,  Window Treatments",600000,False,13.0,,https://cdn-4.eneighborhoods.com/x2/@v=-2122881767@/130/2/255/3348255/3348255_1.jpg;https://cdn-4.eneighborhoods.com/x2/@v=-2126027495@/130/2/255/3348255/3348255_2.jpg;https://cdn-4.eneighborhoods.com/x2/@v=-2124978919@/130/2/255/3348255/3348255_3.jpg;https://cdn-4.eneighborhoods.com/x2/@v=-2128124647@/130/2/255/3348255/3348255_4.jpg;https://cdn-4.eneighborhoods.com/x2/@v=-2127076071@/130/2/255/3348255/3348255_5.jpg;https://cdn-4.eneighborhoods.com/x2/@v=-2130221799@/130/2/255/3348255/3348255_6.jpg;https://cdn-4.eneighborhoods.com/x2/@v=-2129173223@/130/2/255/3348255/3348255_7.jpg;https://cdn-4.eneighborhoods.com/x2/@v=-2115541735@/130/2/255/3348255/3348255_8.jpg;https://cdn-4.eneighborhoods.com/x2/@v=-2114493159@/130/2/255/3348255/3348255_9.jpg;https://cdn-4.eneighborhoods.com/x2/@v=332785949@/130/2/255/3348255/3348255_10.jpg;https://cdn-4.eneighborhoods.com/x2/@v=331737373@/130/2/255/3348255/3348255_11.jpg;https://cdn-4.eneighborhoods.com/x2/@v=334883101@/130/2/255/3348255/3348255_12.jpg;https://cdn-4.eneighborhoods.com/x2/@v=333834525@/130/2/255/3348255/3348255_13.jpg;https://cdn-4.eneighborhoods.com/x2/@v=328591645@/130/2/255/3348255/3348255_14.jpg;https://cdn-4.eneighborhoods.com/x2/@v=327543069@/130/2/255/3348255/3348255_15.jpg;https://cdn-4.eneighborhoods.com/x2/@v=330688797@/130/2/255/3348255/3348255_16.jpg;https://cdn-4.eneighborhoods.com/x2/@v=329640221@/130/2/255/3348255/3348255_17.jpg;https://cdn-4.eneighborhoods.com/x2/@v=324397341@/130/2/255/3348255/3348255_18.jpg;https://cdn-4.eneighborhoods.com/x2/@v=323348765@/130/2/255/3348255/3348255_19.jpg;https://cdn-4.eneighborhoods.com/x2/@v=282454301@/130/2/255/3348255/3348255_20.jpg;https://cdn-4.eneighborhoods.com/x2/@v=281405725@/130/2/255/3348255/3348255_21.jpg;https://cdn-4.eneighborhoods.com/x2/@v=284551453@/130/2/255/3348255/3348255_22.jpg;https://cdn-4.eneighborhoods.com/x2/@v=283502877@/130/2/255/3348255/3348255_23.jpg;https://cdn-4.eneighborhoods.com/x2/@v=278259997@/130/2/255/3348255/3348255_24.jpg;https://cdn-4.eneighborhoods.com/x2/@v=277211421@/130/2/255/3348255/3348255_25.jpg;https://cdn-4.eneighborhoods.com/x2/@v=280357149@/130/2/255/3348255/3348255_26.jpg;https://cdn-4.eneighborhoods.com/x2/@v=279308573@/130/2/255/3348255/3348255_27.jpg;https://cdn-4.eneighborhoods.com/x2/@v=274065693@/130/2/255/3348255/3348255_28.jpg;https://cdn-4.eneighborhoods.com/x2/@v=273017117@/130/2/255/3348255/3348255_29.jpg,35.04826,1,False,False,1,10401-Balch-Manor-Ct-Charlotte-NC-28277,2018-01-21,Ballantyne Country Club,4.0,True,False,True,True,Charlotte,2.0,3,3348255,28277,"Welcome to this lovely brick home on a cul-de-sac street nestled in Ballantyne Country Club. Bright, Sunlit and open floor plan.  Enter the stunning Two-story foyer and great room with Gas fireplace and wall of windows.  The family room has a 2nd gas fireplace, custom built-ins, a butlerâ€™s bar open to the Dining & kitchen with new GE Stainless Double Oven and NEW White subway tile backsplash & built-in refrigerator.  Hardwoods are NEWLY refinished & House is freshly painted!  Laundry with Sink and cabinetry. Main level Master Suite w/NEW carpet & huge walk-in closet.  Master Bath is updated w/a frameless shower, & new light fixtures and has a whirlpool tub.  2nd Floor has Loft area, PLUS a bonus/billiards room and three additional bedrooms- perfect family layout!  Relax on the patio and enjoyed your private & treed backyard. Two-car garage with Higher Height doors and ceilings!  Excellent storage and move in ready! Photos will be retaken to show NEW oven & NEW seamless shower!"
10620-Atkins-Ridge-Dr-Charlotte-NC-28213,-80.71486,2428,,None,3,1.5,2007,NC,10620 Atkins Ridge Dr,3,Active,,244900,False,26.0,,https://cdn-4.eneighborhoods.com/x2/@v=1373767323@/130/8/818/3352818/3352818_1.jpg;https://cdn-4.eneighborhoods.com/x2/@v=1372718747@/130/8/818/3352818/3352818_2.jpg;https://cdn-4.eneighborhoods.com/x2/@v=1371670171@/130/8/818/3352818/3352818_3.jpg;https://cdn-4.eneighborhoods.com/x2/@v=1370621595@/130/8/818/3352818/3352818_4.jpg;https://cdn-4.eneighborhoods.com/x2/@v=1369573019@/130/8/818/3352818/3352818_5.jpg;https://cdn-4.eneighborhoods.com/x2/@v=1368524443@/130/8/818/3352818/3352818_6.jpg;https://cdn-4.eneighborhoods.com/x2/@v=1367475867@/130/8/818/3352818/3352818_7.jpg;https://cdn-4.eneighborhoods.com/x2/@v=1366427291@/130/8/818/3352818/3352818_8.jpg;https://cdn-4.eneighborhoods.com/x2/@v=1365378715@/130/8/818/3352818/3352818_9.jpg;https://cdn-4.eneighborhoods.com/x2/@v=323625078@/130/8/818/3352818/3352818_10.jpg;https://cdn-4.eneighborhoods.com/x2/@v=324673654@/130/8/818/3352818/3352818_11.jpg;https://cdn-4.eneighborhoods.com/x2/@v=325722230@/130/8/818/3352818/3352818_12.jpg;https://cdn-4.eneighborhoods.com/x2/@v=326770806@/130/8/818/3352818/3352818_13.jpg;https://cdn-4.eneighborhoods.com/x2/@v=319430774@/130/8/818/3352818/3352818_14.jpg;https://cdn-4.eneighborhoods.com/x2/@v=320479350@/130/8/818/3352818/3352818_15.jpg;https://cdn-4.eneighborhoods.com/x2/@v=321527926@/130/8/818/3352818/3352818_16.jpg;https://cdn-4.eneighborhoods.com/x2/@v=322576502@/130/8/818/3352818/3352818_17.jpg;https://cdn-4.eneighborhoods.com/x2/@v=332013686@/130/8/818/3352818/3352818_18.jpg;https://cdn-4.eneighborhoods.com/x2/@v=333062262@/130/8/818/3352818/3352818_19.jpg;https://cdn-4.eneighborhoods.com/x2/@v=273293430@/130/8/818/3352818/3352818_20.jpg;https://cdn-4.eneighborhoods.com/x2/@v=274342006@/130/8/818/3352818/3352818_21.jpg;https://cdn-4.eneighborhoods.com/x2/@v=275390582@/130/8/818/3352818/3352818_22.jpg;https://cdn-4.eneighborhoods.com/x2/@v=276439158@/130/8/818/3352818/3352818_23.jpg;https://cdn-4.eneighborhoods.com/x2/@v=269099126@/130/8/818/3352818/3352818_24.jpg;https://cdn-4.eneighborhoods.com/x2/@v=270147702@/130/8/818/3352818/3352818_25.jpg;https://cdn-4.eneighborhoods.com/x2/@v=271196278@/130/8/818/3352818/3352818_26.jpg,35.29876,1,False,False,1,10620-Atkins-Ridge-Dr-Charlotte-NC-28213,2018-01-21,Wyndham Place,11.0,True,False,True,True,Charlotte,2.0,2,3352818,28213,"Beautiful home that shows like a model! Beautiful floors, granite counter-tops in kitchen, stainless steel appliances, fresh paint and carpet. Open concept kitchen/family room with fireplace. Master on main level, 2 spacious bedrooms and loft on 2nd level. Neighborhood pool. Convenient to I-485 and 85. Minutes from Concord Mills Mall and UNCC. Show and Sell!"
13819-Hatton-Cross-Dr-Charlotte-NC-28278,-81.0009101,1768,"Tile,  Vinyl/Linoleum,  Carpet",None,3,2,1996,NC,13819 Hatton Cross Dr,3,For Sale Under Contract,"GardenTub,  Cable Available,  Walk-In Closet(s)",208500,False,29.0,,https://cdn-4.eneighborhoods.com/x2/@v=1371398172@/130/4/488/3349488/3349488_1.jpg,35.08902,1,False,False,1,13819-Hatton-Cross-Dr-Charlotte-NC-28278,2018-01-21,Wiltshire Manor,13.0,True,False,True,True,Charlotte,2.0,2,3349488,28278,"Corner lot with fenced yard; open floor plan with upstairs loft, large kitchen open to family room"
210-N-Church-St-Unit-2615-Charlotte-NC-28202,-80.8421601,1080,"Prefinished Wood,  Tile,  Carpet",Unit 2615,2,,2007,NC,210 N Church St,2,Active,"Breakfast Bar,  Cable Available,  Built-Ins,  Split BR Plan",415000,False,97.0,,https://cdn-4.eneighborhoods.com/x2/@v=-1608371378@/130/2/207/3353207/3353207_1.jpg;https://cdn-4.eneighborhoods.com/x2/@v=-1609419954@/130/2/207/3353207/3353207_2.jpg;https://cdn-4.eneighborhoods.com/x2/@v=-1610468530@/130/2/207/3353207/3353207_3.jpg;https://cdn-4.eneighborhoods.com/x2/@v=-1603128498@/130/2/207/3353207/3353207_4.jpg;https://cdn-4.eneighborhoods.com/x2/@v=-1604177074@/130/2/207/3353207/3353207_5.jpg;https://cdn-4.eneighborhoods.com/x2/@v=-1605225650@/130/2/207/3353207/3353207_6.jpg;https://cdn-4.eneighborhoods.com/x2/@v=-1606274226@/130/2/207/3353207/3353207_7.jpg;https://cdn-4.eneighborhoods.com/x2/@v=-1598934194@/130/2/207/3353207/3353207_8.jpg;https://cdn-4.eneighborhoods.com/x2/@v=-1599982770@/130/2/207/3353207/3353207_9.jpg;https://cdn-4.eneighborhoods.com/x2/@v=310427421@/130/2/207/3353207/3353207_10.jpg;https://cdn-4.eneighborhoods.com/x2/@v=311475997@/130/2/207/3353207/3353207_11.jpg;https://cdn-4.eneighborhoods.com/x2/@v=312524573@/130/2/207/3353207/3353207_12.jpg;https://cdn-4.eneighborhoods.com/x2/@v=313573149@/130/2/207/3353207/3353207_13.jpg;https://cdn-4.eneighborhoods.com/x2/@v=314621725@/130/2/207/3353207/3353207_14.jpg;https://cdn-4.eneighborhoods.com/x2/@v=315670301@/130/2/207/3353207/3353207_15.jpg;https://cdn-4.eneighborhoods.com/x2/@v=316718877@/130/2/207/3353207/3353207_16.jpg;https://cdn-4.eneighborhoods.com/x2/@v=317767453@/130/2/207/3353207/3353207_17.jpg;https://cdn-4.eneighborhoods.com/x2/@v=302038813@/130/2/207/3353207/3353207_18.jpg;https://cdn-4.eneighborhoods.com/x2/@v=303087389@/130/2/207/3353207/3353207_19.jpg,35.22921,0,False,False,1,210-N-Church-St-Unit-2615-Charlotte-NC-28202,2018-01-21,Fourth Ward,94.0,True,False,False,True,Charlotte,,2,3353207,28202,"The AVENUE is a 425 feet tall condominium tower. It was completed in 2007 and has 35 floors and has 6,700 square feet of retail at street level. This corner unit is on the 26th floor with a panoramic view of the City. Unit features hardwood floors, granite counter tops & stainless steel front appliances, Refrigerator, washer & dryer included. All amenities are located on the 10th floor, which are a fitness center, billiards room, club room, swim pool, outdoor grill & gathering area & media room. Main lobby area features a concierge, business center & mail room. Full size parking spaces #234 & #235 on 7th floor."
2100-Shadyview-Dr-Charlotte-NC-28210,-80.86303,1767,"Other,  Vinyl/Linoleum,  Wood",None,4,2,1962,NC,2100 Shadyview Dr,2,Active,None,259995,False,,,https://cdn-4.eneighborhoods.com/x2/@v=-1581434352@/130/0/067/3353067/3353067_1.jpg,35.14787,0,False,False,1,2100-Shadyview-Dr-Charlotte-NC-28210,2018-01-21,Montclaire,,True,False,False,True,Charlotte,,2,3353067,28210,"Location, Location, location! This corner lot, split level home in HOT Montclaire has mostly hardwood floors and great square footage. 3 bds/1 bath up. Full bath + add'l bdrm down w/separate entrance...great for an in-law unit or tenant. Interior needs your remodel, but priced well under market value to compensate for this. Montclaire is a close-in, established neighborhood full of renovations! Near light rail, shopping, SouthEnd. Quick commute to airport, SouthPark, Uptown. To be sold ""as is""."
2219-Collingdale-Pl-Charlotte-NC-28210,-80.86131,2057,"Tile,  Wood",None,3,2,1960,NC,2219 Collingdale Pl,3,Active,,354900,False,,,https://cdn-4.eneighborhoods.com/x2/@v=-1849873915@/130/1/134/3351134/3351134_1.jpg;https://cdn-4.eneighborhoods.com/x2/@v=-1853019643@/130/1/134/3351134/3351134_2.jpg;https://cdn-4.eneighborhoods.com/x2/@v=-1851971067@/130/1/134/3351134/3351134_3.jpg;https://cdn-4.eneighborhoods.com/x2/@v=-1846728187@/130/1/134/3351134/3351134_4.jpg;https://cdn-4.eneighborhoods.com/x2/@v=-1845679611@/130/1/134/3351134/3351134_5.jpg;https://cdn-4.eneighborhoods.com/x2/@v=-1848825339@/130/1/134/3351134/3351134_6.jpg;https://cdn-4.eneighborhoods.com/x2/@v=-1847776763@/130/1/134/3351134/3351134_7.jpg;https://cdn-4.eneighborhoods.com/x2/@v=-1859311099@/130/1/134/3351134/3351134_8.jpg;https://cdn-4.eneighborhoods.com/x2/@v=-1858262523@/130/1/134/3351134/3351134_9.jpg;https://cdn-4.eneighborhoods.com/x2/@v=320640342@/130/1/134/3351134/3351134_10.jpg;https://cdn-4.eneighborhoods.com/x2/@v=319591766@/130/1/134/3351134/3351134_11.jpg;https://cdn-4.eneighborhoods.com/x2/@v=322737494@/130/1/134/3351134/3351134_12.jpg;https://cdn-4.eneighborhoods.com/x2/@v=321688918@/130/1/134/3351134/3351134_13.jpg;https://cdn-4.eneighborhoods.com/x2/@v=324834646@/130/1/134/3351134/3351134_14.jpg;https://cdn-4.eneighborhoods.com/x2/@v=323786070@/130/1/134/3351134/3351134_15.jpg;https://cdn-4.eneighborhoods.com/x2/@v=326931798@/130/1/134/3351134/3351134_16.jpg;https://cdn-4.eneighborhoods.com/x2/@v=325883222@/130/1/134/3351134/3351134_17.jpg;https://cdn-4.eneighborhoods.com/x2/@v=329028950@/130/1/134/3351134/3351134_18.jpg;https://cdn-4.eneighborhoods.com/x2/@v=327980374@/130/1/134/3351134/3351134_19.jpg;https://cdn-4.eneighborhoods.com/x2/@v=270308694@/130/1/134/3351134/3351134_20.jpg;https://cdn-4.eneighborhoods.com/x2/@v=269260118@/130/1/134/3351134/3351134_21.jpg;https://cdn-4.eneighborhoods.com/x2/@v=272405846@/130/1/134/3351134/3351134_22.jpg;https://cdn-4.eneighborhoods.com/x2/@v=271357270@/130/1/134/3351134/3351134_23.jpg;https://cdn-4.eneighborhoods.com/x2/@v=274502998@/130/1/134/3351134/3351134_24.jpg,35.15132,1,False,False,1,2219-Collingdale-Pl-Charlotte-NC-28210,2018-01-21,Montclaire,,True,False,False,True,Charlotte,,2,3351134,28210,Beautiful updated home in the desirable Montclaire neighborhood.  The painted exterior and front double doors give this home loads of charm.  Hardwoods throughout except for file in the kitchen.  Bedrooms are spacious and bathrooms are updated!  Plenty of space to entertain on the back patio.
2336-Wharton-Ln-Charlotte-NC-28270,-80.7738,3369,"Tile,  Wood,  Carpet",None,4,2,1983,NC,2336 Wharton Ln,3,Active,"GardenTub,  Pantry,  Walk-In Closet(s),  Kitchen Island,  Window Treatments",579900,False,22.0,,https://cdn-4.eneighborhoods.com/x2/@v=1084646682@/130/0/079/3353079/3353079_1.jpg;https://cdn-4.eneighborhoods.com/x2/@v=1083598106@/130/0/079/3353079/3353079_2.jpg;https://cdn-4.eneighborhoods.com/x2/@v=1082549530@/130/0/079/3353079/3353079_3.jpg;https://cdn-4.eneighborhoods.com/x2/@v=1089889562@/130/0/079/3353079/3353079_4.jpg;https://cdn-4.eneighborhoods.com/x2/@v=1088840986@/130/0/079/3353079/3353079_5.jpg;https://cdn-4.eneighborhoods.com/x2/@v=1087792410@/130/0/079/3353079/3353079_6.jpg;https://cdn-4.eneighborhoods.com/x2/@v=1086743834@/130/0/079/3353079/3353079_7.jpg;https://cdn-4.eneighborhoods.com/x2/@v=1077306650@/130/0/079/3353079/3353079_8.jpg;https://cdn-4.eneighborhoods.com/x2/@v=1076258074@/130/0/079/3353079/3353079_9.jpg;https://cdn-4.eneighborhoods.com/x2/@v=302435088@/130/0/079/3353079/3353079_10.jpg;https://cdn-4.eneighborhoods.com/x2/@v=303483664@/130/0/079/3353079/3353079_11.jpg;https://cdn-4.eneighborhoods.com/x2/@v=304532240@/130/0/079/3353079/3353079_12.jpg;https://cdn-4.eneighborhoods.com/x2/@v=305580816@/130/0/079/3353079/3353079_13.jpg;https://cdn-4.eneighborhoods.com/x2/@v=306629392@/130/0/079/3353079/3353079_14.jpg;https://cdn-4.eneighborhoods.com/x2/@v=307677968@/130/0/079/3353079/3353079_15.jpg;https://cdn-4.eneighborhoods.com/x2/@v=308726544@/130/0/079/3353079/3353079_16.jpg;https://cdn-4.eneighborhoods.com/x2/@v=309775120@/130/0/079/3353079/3353079_17.jpg;https://cdn-4.eneighborhoods.com/x2/@v=310823696@/130/0/079/3353079/3353079_18.jpg;https://cdn-4.eneighborhoods.com/x2/@v=311872272@/130/0/079/3353079/3353079_19.jpg;https://cdn-4.eneighborhoods.com/x2/@v=285657872@/130/0/079/3353079/3353079_20.jpg;https://cdn-4.eneighborhoods.com/x2/@v=286706448@/130/0/079/3353079/3353079_21.jpg;https://cdn-4.eneighborhoods.com/x2/@v=287755024@/130/0/079/3353079/3353079_22.jpg;https://cdn-4.eneighborhoods.com/x2/@v=288803600@/130/0/079/3353079/3353079_23.jpg;https://cdn-4.eneighborhoods.com/x2/@v=289852176@/130/0/079/3353079/3353079_24.jpg;https://cdn-4.eneighborhoods.com/x2/@v=290900752@/130/0/079/3353079/3353079_25.jpg;https://cdn-4.eneighborhoods.com/x2/@v=291949328@/130/0/079/3353079/3353079_26.jpg;https://cdn-4.eneighborhoods.com/x2/@v=292997904@/130/0/079/3353079/3353079_27.jpg;https://cdn-4.eneighborhoods.com/x2/@v=283334736@/130/0/079/3353079/3353079_28.jpg;https://cdn-4.eneighborhoods.com/x2/@v=284383312@/130/0/079/3353079/3353079_29.jpg;https://cdn-4.eneighborhoods.com/x2/@v=291723344@/130/0/079/3353079/3353079_30.jpg;https://cdn-4.eneighborhoods.com/x2/@v=292771920@/130/0/079/3353079/3353079_31.jpg;https://cdn-4.eneighborhoods.com/x2/@v=289626192@/130/0/079/3353079/3353079_32.jpg;https://cdn-4.eneighborhoods.com/x2/@v=290674768@/130/0/079/3353079/3353079_33.jpg,35.09847,0,False,False,1,2336-Wharton-Ln-Charlotte-NC-28270,2018-01-21,Hembstead,7.0,True,False,False,True,Charlotte,,3,3353079,28270,"This builders personal home features 5 bedrooms 3 full baths, in an A location. Beautiful custom trim throughout, cozy masonry fireplace with new gas log set in an over sized den, screened and covered porches, rear deck with fenced yard for pets, dual stairs for great interior flow, wood floors throughout main floor, extra large master bath, two story foyer with built ins, 9' ceilings n first floor, tons of attic storage on third level and over garage. Additional rear bricked patio, mature landscaping. Note also home has second stairway accessing kitchen. This home offers both formal living and a cozy home feel, that lives a lot larger than 3,400 sq/ft. in a great balance of the two. plant a garden, enjoy the back deck. Established neighborhood featuring pool, tennis, basketball courts, club house, walking trails, creek. All you shopping needs are across the street at The Arboretum Plaza. Contact Lance for additional information 704-780-8360. ( owner/agent )"
2424-Silverthorn-Dr-Charlotte-NC-28273,-80.932686,1532,"Concrete,  Prefinished Wood,  Tile",None,3,2,2015,NC,2424 Silverthorn Dr,3,Active,"Open Floorplan,  Breakfast Bar",214500,False,26.0,,https://cdn-4.eneighborhoods.com/x2/@v=-776136139@/130/2/230/3353230/3353230_1.jpg;https://cdn-4.eneighborhoods.com/x2/@v=-779281867@/130/2/230/3353230/3353230_2.jpg;https://cdn-4.eneighborhoods.com/x2/@v=-778233291@/130/2/230/3353230/3353230_3.jpg;https://cdn-4.eneighborhoods.com/x2/@v=-772990411@/130/2/230/3353230/3353230_4.jpg;https://cdn-4.eneighborhoods.com/x2/@v=-771941835@/130/2/230/3353230/3353230_5.jpg;https://cdn-4.eneighborhoods.com/x2/@v=-775087563@/130/2/230/3353230/3353230_6.jpg;https://cdn-4.eneighborhoods.com/x2/@v=-774038987@/130/2/230/3353230/3353230_7.jpg;https://cdn-4.eneighborhoods.com/x2/@v=-785573323@/130/2/230/3353230/3353230_8.jpg;https://cdn-4.eneighborhoods.com/x2/@v=-784524747@/130/2/230/3353230/3353230_9.jpg;https://cdn-4.eneighborhoods.com/x2/@v=320837202@/130/2/230/3353230/3353230_10.jpg;https://cdn-4.eneighborhoods.com/x2/@v=319788626@/130/2/230/3353230/3353230_11.jpg;https://cdn-4.eneighborhoods.com/x2/@v=322934354@/130/2/230/3353230/3353230_12.jpg;https://cdn-4.eneighborhoods.com/x2/@v=321885778@/130/2/230/3353230/3353230_13.jpg;https://cdn-4.eneighborhoods.com/x2/@v=325031506@/130/2/230/3353230/3353230_14.jpg;https://cdn-4.eneighborhoods.com/x2/@v=323982930@/130/2/230/3353230/3353230_15.jpg;https://cdn-4.eneighborhoods.com/x2/@v=327128658@/130/2/230/3353230/3353230_16.jpg;https://cdn-4.eneighborhoods.com/x2/@v=326080082@/130/2/230/3353230/3353230_17.jpg;https://cdn-4.eneighborhoods.com/x2/@v=329225810@/130/2/230/3353230/3353230_18.jpg;https://cdn-4.eneighborhoods.com/x2/@v=328177234@/130/2/230/3353230/3353230_19.jpg;https://cdn-4.eneighborhoods.com/x2/@v=270505554@/130/2/230/3353230/3353230_20.jpg;https://cdn-4.eneighborhoods.com/x2/@v=269456978@/130/2/230/3353230/3353230_21.jpg;https://cdn-4.eneighborhoods.com/x2/@v=272602706@/130/2/230/3353230/3353230_22.jpg;https://cdn-4.eneighborhoods.com/x2/@v=271554130@/130/2/230/3353230/3353230_23.jpg;https://cdn-4.eneighborhoods.com/x2/@v=274699858@/130/2/230/3353230/3353230_24.jpg;https://cdn-4.eneighborhoods.com/x2/@v=273651282@/130/2/230/3353230/3353230_25.jpg;https://cdn-4.eneighborhoods.com/x2/@v=276797010@/130/2/230/3353230/3353230_26.jpg;https://cdn-4.eneighborhoods.com/x2/@v=275748434@/130/2/230/3353230/3353230_27.jpg;https://cdn-4.eneighborhoods.com/x2/@v=278894162@/130/2/230/3353230/3353230_28.jpg;https://cdn-4.eneighborhoods.com/x2/@v=277845586@/130/2/230/3353230/3353230_29.jpg,35.1516991,1,False,False,1,2424-Silverthorn-Dr-Charlotte-NC-28273,2018-01-21,Stonegrove,40.0,True,False,True,True,Charlotte,1.0,2,3353230,28273,"Fabulous Townhouse with lots of extra upgrades. This 3 bed 2.5 bath has townhome offers an extra parking pad Hardwood flooring throughout first floors, granite,  designer backsplash & Ceramic tile on kitchen and powder room *Updated kitchen island with extended bar top *Master bathroom with tile surround shower and tile flooring Master has 2 closets ( 1 walkin & 1 not) *Hall bath on second floor LVP flooring upgraded, oversized patio. Easy access to 485, shopping and restaurants"
3774-Cragganmore-Ct-Charlotte-NC-28215,-80.6655503,3176,"Prefinished Wood,  Tile,  Carpet",None,4,2,2015,NC,3774 Cragganmore Ct,4,Active,"GardenTub,  Attic Other,  Other,  Open Floorplan,  Pantry,  Tray Ceiling,  Walk-In Closet(s),  Kitchen Island,  Vaulted Ceiling,  Window Treatments",375000,False,18.0,,https://cdn-4.eneighborhoods.com/x2/@v=-1854417496@/130/9/944/3352944/3352944_1.jpg;https://cdn-4.eneighborhoods.com/x2/@v=-1857563224@/130/9/944/3352944/3352944_2.jpg;https://cdn-4.eneighborhoods.com/x2/@v=-1856514648@/130/9/944/3352944/3352944_3.jpg;https://cdn-4.eneighborhoods.com/x2/@v=-1859660376@/130/9/944/3352944/3352944_4.jpg;https://cdn-4.eneighborhoods.com/x2/@v=-1858611800@/130/9/944/3352944/3352944_5.jpg;https://cdn-4.eneighborhoods.com/x2/@v=-1861757528@/130/9/944/3352944/3352944_6.jpg;https://cdn-4.eneighborhoods.com/x2/@v=-1860708952@/130/9/944/3352944/3352944_7.jpg;https://cdn-4.eneighborhoods.com/x2/@v=-1847077464@/130/9/944/3352944/3352944_8.jpg;https://cdn-4.eneighborhoods.com/x2/@v=-1846028888@/130/9/944/3352944/3352944_9.jpg;https://cdn-4.eneighborhoods.com/x2/@v=333373964@/130/9/944/3352944/3352944_10.jpg;https://cdn-4.eneighborhoods.com/x2/@v=332325388@/130/9/944/3352944/3352944_11.jpg;https://cdn-4.eneighborhoods.com/x2/@v=335471116@/130/9/944/3352944/3352944_12.jpg;https://cdn-4.eneighborhoods.com/x2/@v=334422540@/130/9/944/3352944/3352944_13.jpg;https://cdn-4.eneighborhoods.com/x2/@v=329179660@/130/9/944/3352944/3352944_14.jpg;https://cdn-4.eneighborhoods.com/x2/@v=328131084@/130/9/944/3352944/3352944_15.jpg;https://cdn-4.eneighborhoods.com/x2/@v=331276812@/130/9/944/3352944/3352944_16.jpg;https://cdn-4.eneighborhoods.com/x2/@v=330228236@/130/9/944/3352944/3352944_17.jpg;https://cdn-4.eneighborhoods.com/x2/@v=324985356@/130/9/944/3352944/3352944_18.jpg;https://cdn-4.eneighborhoods.com/x2/@v=323936780@/130/9/944/3352944/3352944_19.jpg;https://cdn-4.eneighborhoods.com/x2/@v=283042316@/130/9/944/3352944/3352944_20.jpg;https://cdn-4.eneighborhoods.com/x2/@v=281993740@/130/9/944/3352944/3352944_21.jpg;https://cdn-4.eneighborhoods.com/x2/@v=285139468@/130/9/944/3352944/3352944_22.jpg;https://cdn-4.eneighborhoods.com/x2/@v=284090892@/130/9/944/3352944/3352944_23.jpg;https://cdn-4.eneighborhoods.com/x2/@v=278848012@/130/9/944/3352944/3352944_24.jpg;https://cdn-4.eneighborhoods.com/x2/@v=277799436@/130/9/944/3352944/3352944_25.jpg;https://cdn-4.eneighborhoods.com/x2/@v=280945164@/130/9/944/3352944/3352944_26.jpg;https://cdn-4.eneighborhoods.com/x2/@v=279896588@/130/9/944/3352944/3352944_27.jpg;https://cdn-4.eneighborhoods.com/x2/@v=274653708@/130/9/944/3352944/3352944_28.jpg;https://cdn-4.eneighborhoods.com/x2/@v=273605132@/130/9/944/3352944/3352944_29.jpg;https://cdn-4.eneighborhoods.com/x2/@v=299819532@/130/9/944/3352944/3352944_30.jpg;https://cdn-4.eneighborhoods.com/x2/@v=298770956@/130/9/944/3352944/3352944_31.jpg;https://cdn-4.eneighborhoods.com/x2/@v=301916684@/130/9/944/3352944/3352944_32.jpg;https://cdn-4.eneighborhoods.com/x2/@v=300868108@/130/9/944/3352944/3352944_33.jpg;https://cdn-4.eneighborhoods.com/x2/@v=295625228@/130/9/944/3352944/3352944_34.jpg;https://cdn-4.eneighborhoods.com/x2/@v=294576652@/130/9/944/3352944/3352944_35.jpg,35.2502632,1,False,False,1,3774-Cragganmore-Ct-Charlotte-NC-28215,2018-01-21,Peach Orchard Estates,9.0,True,True,True,False,Charlotte,2.0,3,3352944,28215,"Like new, move in ready! Upgraded everything with the ""Craftsman Trim Package"".  Upgrades include Stone fireplace, Coffered ceiling in great room; Double glass doors to office; craftsman wainscoting in foyer and dining room; big farmhouse sink in huge kitchen island; double ovens, SS appliances, hardwoods on main, tile in all baths, over sized Master shower w/ marble tile plus big garden tub.  Tray ceiling in Master and vaulted ceiling in bonus/media room. Bonus room used as a media room; with 100"" screen and projector.  Walk in attic storage. Open floor plan. White & gray kitchen, light & bright. Located in the Reserve section of Peach Orchard Estates."
4308-Jasmin-May-Dr-Charlotte-NC-28226,-80.79328,3767,"Tile,  Wood,  Carpet",None,5,2,2013,NC,4308 Jasmin May Dr,4,Active,Cable Available,675000,False,26.0,,https://cdn-4.eneighborhoods.com/x2/@v=1098153932@/130/0/009/3350009/3350009_1.jpg;https://cdn-4.eneighborhoods.com/x2/@v=1095008204@/130/0/009/3350009/3350009_2.jpg;https://cdn-4.eneighborhoods.com/x2/@v=1096056780@/130/0/009/3350009/3350009_3.jpg;https://cdn-4.eneighborhoods.com/x2/@v=1092911052@/130/0/009/3350009/3350009_4.jpg;https://cdn-4.eneighborhoods.com/x2/@v=1093959628@/130/0/009/3350009/3350009_5.jpg;https://cdn-4.eneighborhoods.com/x2/@v=1090813900@/130/0/009/3350009/3350009_6.jpg;https://cdn-4.eneighborhoods.com/x2/@v=1091862476@/130/0/009/3350009/3350009_7.jpg;https://cdn-4.eneighborhoods.com/x2/@v=1105493964@/130/0/009/3350009/3350009_8.jpg;https://cdn-4.eneighborhoods.com/x2/@v=1106542540@/130/0/009/3350009/3350009_9.jpg;https://cdn-4.eneighborhoods.com/x2/@v=332714417@/130/0/009/3350009/3350009_10.jpg;https://cdn-4.eneighborhoods.com/x2/@v=331665841@/130/0/009/3350009/3350009_11.jpg;https://cdn-4.eneighborhoods.com/x2/@v=334811569@/130/0/009/3350009/3350009_12.jpg;https://cdn-4.eneighborhoods.com/x2/@v=333762993@/130/0/009/3350009/3350009_13.jpg;https://cdn-4.eneighborhoods.com/x2/@v=328520113@/130/0/009/3350009/3350009_14.jpg;https://cdn-4.eneighborhoods.com/x2/@v=327471537@/130/0/009/3350009/3350009_15.jpg;https://cdn-4.eneighborhoods.com/x2/@v=330617265@/130/0/009/3350009/3350009_16.jpg;https://cdn-4.eneighborhoods.com/x2/@v=329568689@/130/0/009/3350009/3350009_17.jpg;https://cdn-4.eneighborhoods.com/x2/@v=324325809@/130/0/009/3350009/3350009_18.jpg;https://cdn-4.eneighborhoods.com/x2/@v=323277233@/130/0/009/3350009/3350009_19.jpg;https://cdn-4.eneighborhoods.com/x2/@v=282382769@/130/0/009/3350009/3350009_20.jpg;https://cdn-4.eneighborhoods.com/x2/@v=281334193@/130/0/009/3350009/3350009_21.jpg;https://cdn-4.eneighborhoods.com/x2/@v=284479921@/130/0/009/3350009/3350009_22.jpg;https://cdn-4.eneighborhoods.com/x2/@v=283431345@/130/0/009/3350009/3350009_23.jpg;https://cdn-4.eneighborhoods.com/x2/@v=278188465@/130/0/009/3350009/3350009_24.jpg,35.10777,0,False,False,1,4308-Jasmin-May-Dr-Charlotte-NC-28226,2018-01-21,Sheffingdell,10.0,True,False,True,True,Charlotte,2.0,4,3350009,28226,"Fantastic recently built home off of Rea Rd.  Thoughtful open floor plan.  Tastefully appointed, stylish fixtures and colors, this home is move in ready.  The home backs up to a dedicated natural area, creating a level of privacy that is somewhat hard to find in newer construction."
445-Fenton-Pl-Charlotte-NC-28207,-80.82232,2280,"Tile,  Wood,  Carpet",None,3,,2004,NC,445 Fenton Pl,3,Active,"Whirlpool,  Storage Unit,  Open Floorplan,  Cable Available,  Walk-In Closet(s),  Built-Ins,  Split BR Plan",725000,False,42.0,,https://cdn-4.eneighborhoods.com/x2/@v=-2117892563@/130/7/705/3349705/3349705_1.jpg;https://cdn-4.eneighborhoods.com/x2/@v=-2114746835@/130/7/705/3349705/3349705_2.jpg;https://cdn-4.eneighborhoods.com/x2/@v=-2115795411@/130/7/705/3349705/3349705_3.jpg;https://cdn-4.eneighborhoods.com/x2/@v=-2121038291@/130/7/705/3349705/3349705_4.jpg;https://cdn-4.eneighborhoods.com/x2/@v=-2122086867@/130/7/705/3349705/3349705_5.jpg;https://cdn-4.eneighborhoods.com/x2/@v=-2118941139@/130/7/705/3349705/3349705_6.jpg;https://cdn-4.eneighborhoods.com/x2/@v=-2119989715@/130/7/705/3349705/3349705_7.jpg;https://cdn-4.eneighborhoods.com/x2/@v=-2125232595@/130/7/705/3349705/3349705_8.jpg;https://cdn-4.eneighborhoods.com/x2/@v=-2126281171@/130/7/705/3349705/3349705_9.jpg;https://cdn-4.eneighborhoods.com/x2/@v=325345068@/130/7/705/3349705/3349705_10.jpg;https://cdn-4.eneighborhoods.com/x2/@v=326393644@/130/7/705/3349705/3349705_11.jpg;https://cdn-4.eneighborhoods.com/x2/@v=323247916@/130/7/705/3349705/3349705_12.jpg;https://cdn-4.eneighborhoods.com/x2/@v=324296492@/130/7/705/3349705/3349705_13.jpg;https://cdn-4.eneighborhoods.com/x2/@v=321150764@/130/7/705/3349705/3349705_14.jpg;https://cdn-4.eneighborhoods.com/x2/@v=322199340@/130/7/705/3349705/3349705_15.jpg;https://cdn-4.eneighborhoods.com/x2/@v=319053612@/130/7/705/3349705/3349705_16.jpg;https://cdn-4.eneighborhoods.com/x2/@v=320102188@/130/7/705/3349705/3349705_17.jpg;https://cdn-4.eneighborhoods.com/x2/@v=333733676@/130/7/705/3349705/3349705_18.jpg;https://cdn-4.eneighborhoods.com/x2/@v=334782252@/130/7/705/3349705/3349705_19.jpg;https://cdn-4.eneighborhoods.com/x2/@v=275013420@/130/7/705/3349705/3349705_20.jpg;https://cdn-4.eneighborhoods.com/x2/@v=276061996@/130/7/705/3349705/3349705_21.jpg;https://cdn-4.eneighborhoods.com/x2/@v=272916268@/130/7/705/3349705/3349705_22.jpg;https://cdn-4.eneighborhoods.com/x2/@v=273964844@/130/7/705/3349705/3349705_23.jpg;https://cdn-4.eneighborhoods.com/x2/@v=270819116@/130/7/705/3349705/3349705_24.jpg,35.20099,1,False,False,1,445-Fenton-Pl-Charlotte-NC-28207,2018-01-21,Eastover,7.0,True,False,False,True,Charlotte,,2,3349705,28207,"Charming 3 bed unit, second floor front. Hardwood floors, high end carpet in bedrooms. 10' ceilings, 8' solid paneled doors. Wide wooden plantation shutters. Refrigerator, washer, dryer & microwave remain. Fireplace with gas logs."
4914-Dawnridge-Dr-Charlotte-NC-28226,-80.83135,2709,"Vinyl/Linoleum,  Wood",None,4,2,1988,NC,4914 Dawnridge Dr,3,Active,,419900,False,19.0,,https://cdn-4.eneighborhoods.com/x2/@v=-529137136@/130/7/703/3351703/3351703_1.jpg;https://cdn-4.eneighborhoods.com/x2/@v=-532282864@/130/7/703/3351703/3351703_2.jpg;https://cdn-4.eneighborhoods.com/x2/@v=-531234288@/130/7/703/3351703/3351703_3.jpg;https://cdn-4.eneighborhoods.com/x2/@v=-534380016@/130/7/703/3351703/3351703_4.jpg;https://cdn-4.eneighborhoods.com/x2/@v=-533331440@/130/7/703/3351703/3351703_5.jpg;https://cdn-4.eneighborhoods.com/x2/@v=-536477168@/130/7/703/3351703/3351703_6.jpg;https://cdn-4.eneighborhoods.com/x2/@v=-535428592@/130/7/703/3351703/3351703_7.jpg;https://cdn-4.eneighborhoods.com/x2/@v=-521797104@/130/7/703/3351703/3351703_8.jpg;https://cdn-4.eneighborhoods.com/x2/@v=-520748528@/130/7/703/3351703/3351703_9.jpg;https://cdn-4.eneighborhoods.com/x2/@v=315742999@/130/7/703/3351703/3351703_10.jpg;https://cdn-4.eneighborhoods.com/x2/@v=314694423@/130/7/703/3351703/3351703_11.jpg;https://cdn-4.eneighborhoods.com/x2/@v=317840151@/130/7/703/3351703/3351703_12.jpg;https://cdn-4.eneighborhoods.com/x2/@v=316791575@/130/7/703/3351703/3351703_13.jpg;https://cdn-4.eneighborhoods.com/x2/@v=311548695@/130/7/703/3351703/3351703_14.jpg;https://cdn-4.eneighborhoods.com/x2/@v=310500119@/130/7/703/3351703/3351703_15.jpg;https://cdn-4.eneighborhoods.com/x2/@v=313645847@/130/7/703/3351703/3351703_16.jpg;https://cdn-4.eneighborhoods.com/x2/@v=312597271@/130/7/703/3351703/3351703_17.jpg;https://cdn-4.eneighborhoods.com/x2/@v=307354391@/130/7/703/3351703/3351703_18.jpg;https://cdn-4.eneighborhoods.com/x2/@v=306305815@/130/7/703/3351703/3351703_19.jpg;https://cdn-4.eneighborhoods.com/x2/@v=298965783@/130/7/703/3351703/3351703_20.jpg;https://cdn-4.eneighborhoods.com/x2/@v=297917207@/130/7/703/3351703/3351703_21.jpg;https://cdn-4.eneighborhoods.com/x2/@v=301062935@/130/7/703/3351703/3351703_22.jpg;https://cdn-4.eneighborhoods.com/x2/@v=300014359@/130/7/703/3351703/3351703_23.jpg;https://cdn-4.eneighborhoods.com/x2/@v=294771479@/130/7/703/3351703/3351703_24.jpg,35.09606,1,False,False,1,4914-Dawnridge-Dr-Charlotte-NC-28226,2018-01-21,Carmel Cove,8.0,True,False,True,True,Charlotte,2.0,2,3351703,28226,"Updated brick custom home located on cul-de-sac in Carmel Cove. Great home for entertaining! Large private, fenced backyard with a 36' x 16'  salt water pool. Enjoy the covered outdoor living space including bar and entertainment area.  Large deck off the master suite overlooking yard and pool. The seller has many energy efficient upgrades, see the attachment for complete list. Some features are two high efficiency heat pumps, two high efficiency gas furnaces and 10 solar panels and solar attic fan, Ecobee smart thermostats, high efficiency windows, highest efficiency vinyl garage door. The property has an irrigation system complete with sprinkler heads and drip lines for shrubs and plants. Too much to list, see attachments and virtual tour."
5923-Carriage-Oaks-Dr-Charlotte-NC-28262,-80.78333,1512,"Parquet,  Vinyl/Linoleum,  Carpet",None,3,1,1992,NC,5923 Carriage Oaks Dr,2,Active,GardenTub,130000,False,11.0,,https://cdn-4.eneighborhoods.com/x2/@v=-1312569755@/130/3/386/3353386/3353386_1.jpg,35.28782,0,False,False,1,5923-Carriage-Oaks-Dr-Charlotte-NC-28262,2018-01-21,Carriage Oaks,5.0,True,False,True,True,Charlotte,2.0,2,3353386,28262,Perfect Investment opportunity! Home needs some TLC. Beautiful Cathedral ceilings. Split bedroom plan. Brick patio off the Great Room. Fenced back yard.  Lender approval required. Only 1 lender involved.  Home sold as is.
6733-Constitution-Ln-Charlotte-NC-28210,-80.84625,1782,"Tile,  Carpet",None,3,2,1973,NC,6733 Constitution Ln,3,Active,"Attic Stairs Pulldown,  Pantry,  Walk-In Closet(s),  Built-Ins",229750,False,30.0,,https://cdn-4.eneighborhoods.com/x2/@v=-1066949610@/130/1/131/3353131/3353131_1.jpg;https://cdn-4.eneighborhoods.com/x2/@v=-1067998186@/130/1/131/3353131/3353131_2.jpg;https://cdn-4.eneighborhoods.com/x2/@v=-1069046762@/130/1/131/3353131/3353131_3.jpg;https://cdn-4.eneighborhoods.com/x2/@v=-1070095338@/130/1/131/3353131/3353131_4.jpg;https://cdn-4.eneighborhoods.com/x2/@v=-1071143914@/130/1/131/3353131/3353131_5.jpg;https://cdn-4.eneighborhoods.com/x2/@v=-1072192490@/130/1/131/3353131/3353131_6.jpg;https://cdn-4.eneighborhoods.com/x2/@v=-1073241066@/130/1/131/3353131/3353131_7.jpg;https://cdn-4.eneighborhoods.com/x2/@v=-1057512426@/130/1/131/3353131/3353131_8.jpg;https://cdn-4.eneighborhoods.com/x2/@v=-1058561002@/130/1/131/3353131/3353131_9.jpg;https://cdn-4.eneighborhoods.com/x2/@v=314972992@/130/1/131/3353131/3353131_10.jpg;https://cdn-4.eneighborhoods.com/x2/@v=316021568@/130/1/131/3353131/3353131_11.jpg;https://cdn-4.eneighborhoods.com/x2/@v=317070144@/130/1/131/3353131/3353131_12.jpg;https://cdn-4.eneighborhoods.com/x2/@v=318118720@/130/1/131/3353131/3353131_13.jpg;https://cdn-4.eneighborhoods.com/x2/@v=310778688@/130/1/131/3353131/3353131_14.jpg;https://cdn-4.eneighborhoods.com/x2/@v=311827264@/130/1/131/3353131/3353131_15.jpg;https://cdn-4.eneighborhoods.com/x2/@v=312875840@/130/1/131/3353131/3353131_16.jpg;https://cdn-4.eneighborhoods.com/x2/@v=313924416@/130/1/131/3353131/3353131_17.jpg;https://cdn-4.eneighborhoods.com/x2/@v=306584384@/130/1/131/3353131/3353131_18.jpg;https://cdn-4.eneighborhoods.com/x2/@v=307632960@/130/1/131/3353131/3353131_19.jpg;https://cdn-4.eneighborhoods.com/x2/@v=298195776@/130/1/131/3353131/3353131_20.jpg;https://cdn-4.eneighborhoods.com/x2/@v=299244352@/130/1/131/3353131/3353131_21.jpg;https://cdn-4.eneighborhoods.com/x2/@v=300292928@/130/1/131/3353131/3353131_22.jpg;https://cdn-4.eneighborhoods.com/x2/@v=301341504@/130/1/131/3353131/3353131_23.jpg;https://cdn-4.eneighborhoods.com/x2/@v=294001472@/130/1/131/3353131/3353131_24.jpg,35.12349,1,False,False,1,6733-Constitution-Ln-Charlotte-NC-28210,2018-01-21,Olde Georgetowne,6.0,True,False,False,True,Charlotte,,2,3353131,28210,"Move in Ready, Brick Townhome in desirable Olde Georgetowne is located just minutes from Southpark Mall.    Recently painted throughout including closets and ceilings.  Kitchen features granite countertops and custom tile backsplash. French doors lead to large enclosed outdoor patio with utility closet perfect for storing outdoor items. HOA dues include cable, water, sewer, yard maintenance and amenities including pool, tennis courts, fishing pond and playground. Amenities including green space located within walking distance."
6823-Olde-Sycamore-Dr-Mint-Hill-NC-28227,-80.61458,3525,"Tile,  Wood,  Carpet",None,5,2,2006,NC,6823 Olde Sycamore Dr,3,Active,"GardenTub,  Attic Stairs Pulldown,  Open Floorplan,  Pantry,  Walk-In Closet(s),  Kitchen Island",385000,False,5.0,,https://cdn-4.eneighborhoods.com/x2/@v=-243829494@/130/3/362/3350362/3350362_1.jpg;https://cdn-4.eneighborhoods.com/x2/@v=-246975222@/130/3/362/3350362/3350362_2.jpg;https://cdn-4.eneighborhoods.com/x2/@v=-245926646@/130/3/362/3350362/3350362_3.jpg;https://cdn-4.eneighborhoods.com/x2/@v=-249072374@/130/3/362/3350362/3350362_4.jpg;https://cdn-4.eneighborhoods.com/x2/@v=-248023798@/130/3/362/3350362/3350362_5.jpg;https://cdn-4.eneighborhoods.com/x2/@v=-251169526@/130/3/362/3350362/3350362_6.jpg;https://cdn-4.eneighborhoods.com/x2/@v=-250120950@/130/3/362/3350362/3350362_7.jpg;https://cdn-4.eneighborhoods.com/x2/@v=-236489462@/130/3/362/3350362/3350362_8.jpg;https://cdn-4.eneighborhoods.com/x2/@v=-235440886@/130/3/362/3350362/3350362_9.jpg;https://cdn-4.eneighborhoods.com/x2/@v=332720170@/130/3/362/3350362/3350362_10.jpg;https://cdn-4.eneighborhoods.com/x2/@v=331671594@/130/3/362/3350362/3350362_11.jpg;https://cdn-4.eneighborhoods.com/x2/@v=334817322@/130/3/362/3350362/3350362_12.jpg;https://cdn-4.eneighborhoods.com/x2/@v=333768746@/130/3/362/3350362/3350362_13.jpg;https://cdn-4.eneighborhoods.com/x2/@v=328525866@/130/3/362/3350362/3350362_14.jpg;https://cdn-4.eneighborhoods.com/x2/@v=327477290@/130/3/362/3350362/3350362_15.jpg;https://cdn-4.eneighborhoods.com/x2/@v=330623018@/130/3/362/3350362/3350362_16.jpg;https://cdn-4.eneighborhoods.com/x2/@v=329574442@/130/3/362/3350362/3350362_17.jpg;https://cdn-4.eneighborhoods.com/x2/@v=324331562@/130/3/362/3350362/3350362_18.jpg;https://cdn-4.eneighborhoods.com/x2/@v=323282986@/130/3/362/3350362/3350362_19.jpg;https://cdn-4.eneighborhoods.com/x2/@v=282388522@/130/3/362/3350362/3350362_20.jpg;https://cdn-4.eneighborhoods.com/x2/@v=281339946@/130/3/362/3350362/3350362_21.jpg;https://cdn-4.eneighborhoods.com/x2/@v=284485674@/130/3/362/3350362/3350362_22.jpg;https://cdn-4.eneighborhoods.com/x2/@v=281856855@/130/3/362/3350362/3350362_23.jpg;https://cdn-4.eneighborhoods.com/x2/@v=270555979@/130/3/362/3350362/3350362_24.jpg;https://cdn-4.eneighborhoods.com/x2/@v=271604555@/130/3/362/3350362/3350362_25.jpg,35.16162,0,False,True,1,6823-Olde-Sycamore-Dr-Mint-Hill-NC-28227,2018-01-21,Olde Sycamore,2.0,True,False,True,False,Mint Hill,2.0,3,3350362,28227,"This 5 bedroom/3 bath corner lot has been UPGRADED and back on the market.  Hardwoods refinished, granite installed, most carpeting new, painted and landscaped.   Open floor plan, large gourmet kitchen containing 2 ovens, dramatic great room with fireplace, formal living and dining rooms.  Home boasts large Master bedroom with seating area,  central vacuum throughout, speaker system, loft, large driveway to go along with plenty of parking surrounding the home.  Golf course community with pool and tennis courts.   Please see virtual tour."
7244-Winery-Ln-Charlotte-NC-28227,-80.7191101,781,Laminate Wood,None,1,1,1982,NC,7244 Winery Ln,1,Active,,63000,False,60.0,,https://cdn-4.eneighborhoods.com/x2/@v=-239259449@/130/9/932/3352932/3352932_1.jpg;https://cdn-4.eneighborhoods.com/x2/@v=-242405177@/130/9/932/3352932/3352932_2.jpg;https://cdn-4.eneighborhoods.com/x2/@v=-241356601@/130/9/932/3352932/3352932_3.jpg;https://cdn-4.eneighborhoods.com/x2/@v=-236113721@/130/9/932/3352932/3352932_4.jpg;https://cdn-4.eneighborhoods.com/x2/@v=-235065145@/130/9/932/3352932/3352932_5.jpg;https://cdn-4.eneighborhoods.com/x2/@v=-238210873@/130/9/932/3352932/3352932_6.jpg;https://cdn-4.eneighborhoods.com/x2/@v=-237162297@/130/9/932/3352932/3352932_7.jpg;https://cdn-4.eneighborhoods.com/x2/@v=-248696633@/130/9/932/3352932/3352932_8.jpg;https://cdn-4.eneighborhoods.com/x2/@v=-247648057@/130/9/932/3352932/3352932_9.jpg;https://cdn-4.eneighborhoods.com/x2/@v=320079634@/130/9/932/3352932/3352932_10.jpg;https://cdn-4.eneighborhoods.com/x2/@v=319031058@/130/9/932/3352932/3352932_11.jpg;https://cdn-4.eneighborhoods.com/x2/@v=322176786@/130/9/932/3352932/3352932_12.jpg;https://cdn-4.eneighborhoods.com/x2/@v=321128210@/130/9/932/3352932/3352932_13.jpg;https://cdn-4.eneighborhoods.com/x2/@v=324273938@/130/9/932/3352932/3352932_14.jpg,35.20245,0,False,False,1,7244-Winery-Ln-Charlotte-NC-28227,2018-01-21,Brandywine,47.0,True,False,False,True,Charlotte,,1,3352932,28227,"Second floor unit. Open layout. Completely Renovated, Updated Bathroom,  Granite Counter Tops, New Kitchen Appliances  New Engineered Wood floors. New carpet. Screened in porch. Stone fireplace. Plenty of storage inside the unit and outside. Fridge, and washer/dryer to remain. Large MBR with his/her closets. MBA has large garden tub. Easy access to shopping, dining, and entertainment.Instructions:Lockbox/Key, Showing ServiceDirections:Located in Brandywine on Albemarle Rd... Right on Dockside, then left on Winery Ln."
8426-Knights-Bridge-Rd-Charlotte-NC-28210,-80.8714401,1280,"Vinyl/Linoleum,  Carpet",None,2,2,1973,NC,8426 Knights Bridge Rd,2,Active,,115000,False,60.0,,https://cdn-4.eneighborhoods.com/x2/@v=1093116136@/130/2/249/3353249/3353249_1.jpg;https://cdn-4.eneighborhoods.com/x2/@v=1092067560@/130/2/249/3353249/3353249_2.jpg;https://cdn-4.eneighborhoods.com/x2/@v=1091018984@/130/2/249/3353249/3353249_3.jpg;https://cdn-4.eneighborhoods.com/x2/@v=1098359016@/130/2/249/3353249/3353249_4.jpg;https://cdn-4.eneighborhoods.com/x2/@v=1097310440@/130/2/249/3353249/3353249_5.jpg;https://cdn-4.eneighborhoods.com/x2/@v=1096261864@/130/2/249/3353249/3353249_6.jpg;https://cdn-4.eneighborhoods.com/x2/@v=1095213288@/130/2/249/3353249/3353249_7.jpg;https://cdn-4.eneighborhoods.com/x2/@v=1102553320@/130/2/249/3353249/3353249_8.jpg;https://cdn-4.eneighborhoods.com/x2/@v=1101504744@/130/2/249/3353249/3353249_9.jpg;https://cdn-4.eneighborhoods.com/x2/@v=327494897@/130/2/249/3353249/3353249_10.jpg;https://cdn-4.eneighborhoods.com/x2/@v=328543473@/130/2/249/3353249/3353249_11.jpg;https://cdn-4.eneighborhoods.com/x2/@v=329592049@/130/2/249/3353249/3353249_12.jpg;https://cdn-4.eneighborhoods.com/x2/@v=330640625@/130/2/249/3353249/3353249_13.jpg,35.11608,1,False,False,1,8426-Knights-Bridge-Rd-Charlotte-NC-28210,2018-01-21,Sharon South,33.0,True,False,False,True,Charlotte,,1,3353249,28210,"Enjoy the convenience of this beautiful townhome as it is located only minutes from South Park, Interstates, Restaurants, Uptown and within walking distance to the Light Rail. Nice community with pool, clubhouse, playground and fitness center.  Open flow from Kitchen, Dining and Family Room. Private patio with storage utility closet.  Second level bedrooms get lots of natural light. Neutral carpet and paint. Move in ready!!"
8928-Kestral-Ridge-Dr-Charlotte-NC-28269,-80.77459,1700,"Prefinished Wood,  Tile,  Carpet",None,2,1,2000,NC,8928 Kestral Ridge Dr,2,Active,"Attic Other,  Pantry,  Walk-In Closet(s)",250000,False,25.0,,https://cdn-4.eneighborhoods.com/x2/@v=1102949007@/130/9/999/3352999/3352999_1.jpg;https://cdn-4.eneighborhoods.com/x2/@v=1099803279@/130/9/999/3352999/3352999_2.jpg;https://cdn-4.eneighborhoods.com/x2/@v=1100851855@/130/9/999/3352999/3352999_3.jpg;https://cdn-4.eneighborhoods.com/x2/@v=1106094735@/130/9/999/3352999/3352999_4.jpg;https://cdn-4.eneighborhoods.com/x2/@v=1107143311@/130/9/999/3352999/3352999_5.jpg;https://cdn-4.eneighborhoods.com/x2/@v=1103997583@/130/9/999/3352999/3352999_6.jpg;https://cdn-4.eneighborhoods.com/x2/@v=1105046159@/130/9/999/3352999/3352999_7.jpg;https://cdn-4.eneighborhoods.com/x2/@v=1093511823@/130/9/999/3352999/3352999_8.jpg;https://cdn-4.eneighborhoods.com/x2/@v=1094560399@/130/9/999/3352999/3352999_9.jpg;https://cdn-4.eneighborhoods.com/x2/@v=320118267@/130/9/999/3352999/3352999_10.jpg;https://cdn-4.eneighborhoods.com/x2/@v=319069691@/130/9/999/3352999/3352999_11.jpg;https://cdn-4.eneighborhoods.com/x2/@v=322215419@/130/9/999/3352999/3352999_12.jpg;https://cdn-4.eneighborhoods.com/x2/@v=321166843@/130/9/999/3352999/3352999_13.jpg;https://cdn-4.eneighborhoods.com/x2/@v=324312571@/130/9/999/3352999/3352999_14.jpg;https://cdn-4.eneighborhoods.com/x2/@v=323263995@/130/9/999/3352999/3352999_15.jpg;https://cdn-4.eneighborhoods.com/x2/@v=326409723@/130/9/999/3352999/3352999_16.jpg;https://cdn-4.eneighborhoods.com/x2/@v=325361147@/130/9/999/3352999/3352999_17.jpg;https://cdn-4.eneighborhoods.com/x2/@v=328506875@/130/9/999/3352999/3352999_18.jpg;https://cdn-4.eneighborhoods.com/x2/@v=327458299@/130/9/999/3352999/3352999_19.jpg;https://cdn-4.eneighborhoods.com/x2/@v=269786619@/130/9/999/3352999/3352999_20.jpg;https://cdn-4.eneighborhoods.com/x2/@v=268738043@/130/9/999/3352999/3352999_21.jpg;https://cdn-4.eneighborhoods.com/x2/@v=271883771@/130/9/999/3352999/3352999_22.jpg;https://cdn-4.eneighborhoods.com/x2/@v=270835195@/130/9/999/3352999/3352999_23.jpg,35.38908,0,False,False,1,8928-Kestral-Ridge-Dr-Charlotte-NC-28269,2018-01-21,Highland Creek,11.0,True,False,True,True,Charlotte,2.0,2,3352999,28269,"Absolutely stunning RANCH on GOLF COURSE in much sought after Falcon Ridge! Front porch welcomes family and friends. Extensive Hardwood Floors. Newer lighting. Formal Dining Room. Efficiently designed Kitchen w/ample cupboards, pantry, granite and tiled backsplash. overlooks spacious Great Room w/gas log fireplace. Welcoming Master Suite w/large walk-in closet, dual sinks, ceramic tile floor and walk-in shower. Private Guest Suite has it's own Bath. Office/Den could be used as a 3rd Bedroom. Screened porch Overlooks professionally landscaped yard w/numerous plantings including a large Japanese Maple, irrigation and a water feature...Breathtaking! HOAs include all the wonderful amenities of Highland Creek as well as lawn care. Shows like a model!"
9451-Kings-Falls-Dr-Charlotte-NC-28210,-80.8592001,1278,"Vinyl/Linoleum,  Laminate Tile,  Carpet",None,2,2,1987,NC,9451 Kings Falls Dr,3,Active,"Wet Bar,  Open Floorplan",164500,False,18.0,,https://cdn-4.eneighborhoods.com/x2/@v=1373804046@/130/1/148/3351148/3351148_1.jpg;https://cdn-4.eneighborhoods.com/x2/@v=1372755470@/130/1/148/3351148/3351148_2.jpg;https://cdn-4.eneighborhoods.com/x2/@v=1371706894@/130/1/148/3351148/3351148_3.jpg;https://cdn-4.eneighborhoods.com/x2/@v=1370658318@/130/1/148/3351148/3351148_4.jpg;https://cdn-4.eneighborhoods.com/x2/@v=1369609742@/130/1/148/3351148/3351148_5.jpg;https://cdn-4.eneighborhoods.com/x2/@v=1368561166@/130/1/148/3351148/3351148_6.jpg;https://cdn-4.eneighborhoods.com/x2/@v=1367512590@/130/1/148/3351148/3351148_7.jpg;https://cdn-4.eneighborhoods.com/x2/@v=1366464014@/130/1/148/3351148/3351148_8.jpg;https://cdn-4.eneighborhoods.com/x2/@v=1365415438@/130/1/148/3351148/3351148_9.jpg;https://cdn-4.eneighborhoods.com/x2/@v=323168550@/130/1/148/3351148/3351148_10.jpg;https://cdn-4.eneighborhoods.com/x2/@v=324217126@/130/1/148/3351148/3351148_11.jpg;https://cdn-4.eneighborhoods.com/x2/@v=325265702@/130/1/148/3351148/3351148_12.jpg;https://cdn-4.eneighborhoods.com/x2/@v=326314278@/130/1/148/3351148/3351148_13.jpg;https://cdn-4.eneighborhoods.com/x2/@v=318974246@/130/1/148/3351148/3351148_14.jpg;https://cdn-4.eneighborhoods.com/x2/@v=320022822@/130/1/148/3351148/3351148_15.jpg;https://cdn-4.eneighborhoods.com/x2/@v=321071398@/130/1/148/3351148/3351148_16.jpg;https://cdn-4.eneighborhoods.com/x2/@v=322119974@/130/1/148/3351148/3351148_17.jpg;https://cdn-4.eneighborhoods.com/x2/@v=331557158@/130/1/148/3351148/3351148_18.jpg;https://cdn-4.eneighborhoods.com/x2/@v=332605734@/130/1/148/3351148/3351148_19.jpg;https://cdn-4.eneighborhoods.com/x2/@v=272836902@/130/1/148/3351148/3351148_20.jpg;https://cdn-4.eneighborhoods.com/x2/@v=273885478@/130/1/148/3351148/3351148_21.jpg;https://cdn-4.eneighborhoods.com/x2/@v=274934054@/130/1/148/3351148/3351148_22.jpg;https://cdn-4.eneighborhoods.com/x2/@v=275982630@/130/1/148/3351148/3351148_23.jpg;https://cdn-4.eneighborhoods.com/x2/@v=268642598@/130/1/148/3351148/3351148_24.jpg;https://cdn-4.eneighborhoods.com/x2/@v=269691174@/130/1/148/3351148/3351148_25.jpg;https://cdn-4.eneighborhoods.com/x2/@v=270739750@/130/1/148/3351148/3351148_26.jpg,35.10411,1,False,False,1,9451-Kings-Falls-Dr-Charlotte-NC-28210,2018-01-21,Park Walk,11.0,True,False,False,True,Charlotte,,2,3351148,28210,"Amazing South Charlotte location with easy access to highways, shopping, dining, and light rail! Must see beautifully maintained condo in Park Walk! Open great room with wood burning fireplace. Great kitchen space with separate dining area. Spacious owner's suite with vaulted ceiling and tons of natural light. Connecting en-suite with granite dual vanities, tons of counter space and storage. Secondary master with its own en-suite! Walk out to your private outside patio, perfect for grilling and entertaining! Just minutes to South Park, Quail Hollow and Ballantyne!"
9620-Littleleaf-Dr-Charlotte-NC-28215,-80.682624,1053,"Vinyl/Linoleum,  Carpet",None,2,2,2002,NC,9620 Littleleaf Dr,2,Active,"Attic Stairs Pulldown,  Open Floorplan",99000,False,39.0,,https://cdn-4.eneighborhoods.com/x2/@v=-1586027170@/130/6/627/3315627/3315627_1.jpg;https://cdn-4.eneighborhoods.com/x2/@v=-1589172898@/130/6/627/3315627/3315627_2.jpg;https://cdn-4.eneighborhoods.com/x2/@v=-1588124322@/130/6/627/3315627/3315627_3.jpg;https://cdn-4.eneighborhoods.com/x2/@v=-1591270050@/130/6/627/3315627/3315627_4.jpg;https://cdn-4.eneighborhoods.com/x2/@v=-1590221474@/130/6/627/3315627/3315627_5.jpg;https://cdn-4.eneighborhoods.com/x2/@v=-1593367202@/130/6/627/3315627/3315627_6.jpg;https://cdn-4.eneighborhoods.com/x2/@v=-1592318626@/130/6/627/3315627/3315627_7.jpg,35.228328,1,False,False,1,9620-Littleleaf-Dr-Charlotte-NC-28215,2018-01-21,Kingstree,22.0,True,False,False,True,Charlotte,,1,3315627,28215,"Nice 2 bedroom condo with open floorplan, conveniently located in desirable Kingstree subdivision.  Vaulted ceiling in master bedroom."
